{
	"id": "41e5f55b3e6f823a17be3e2831ec2e62",
	"_format": "hh-sol-build-info-1",
	"solcVersion": "0.8.7",
	"solcLongVersion": "0.8.7+commit.e28d00a7",
	"input": {
		"language": "Solidity",
		"sources": {
			"first_smart_contract.sol": {
				"content": "// SPDX : License Identifier : GPL 3.0\r\n\r\npragma solidity >=0.7.0 <0.9.0;\r\n"
			}
		},
		"settings": {
			"optimizer": {
				"enabled": false,
				"runs": 200
			},
			"outputSelection": {
				"*": {
					"": [
						"ast"
					],
					"*": [
						"abi",
						"metadata",
						"devdoc",
						"userdoc",
						"storageLayout",
						"evm.legacyAssembly",
						"evm.bytecode",
						"evm.deployedBytecode",
						"evm.methodIdentifiers",
						"evm.gasEstimates",
						"evm.assembly"
					]
				}
			}
		}
	},
	"output": {
		"errors": [
			{
				"component": "general",
				"errorCode": "1878",
				"formattedMessage": "Warning: SPDX license identifier not provided in source file. Before publishing, consider adding a comment containing \"SPDX-License-Identifier: <SPDX-License>\" to each source file. Use \"SPDX-License-Identifier: UNLICENSED\" for non-open-source code. Please see https://spdx.org for more information.\n--> first_smart_contract.sol\n\n",
				"message": "SPDX license identifier not provided in source file. Before publishing, consider adding a comment containing \"SPDX-License-Identifier: <SPDX-License>\" to each source file. Use \"SPDX-License-Identifier: UNLICENSED\" for non-open-source code. Please see https://spdx.org for more information.",
				"severity": "warning",
				"sourceLocation": {
					"end": -1,
					"file": "first_smart_contract.sol",
					"start": -1
				},
				"type": "Warning"
			}
		],
		"sources": {
			"first_smart_contract.sol": {
				"ast": {
					"absolutePath": "first_smart_contract.sol",
					"exportedSymbols": {},
					"id": 2,
					"nodeType": "SourceUnit",
					"nodes": [
						{
							"id": 1,
							"literals": [
								"solidity",
								">=",
								"0.7",
								".0",
								"<",
								"0.9",
								".0"
							],
							"nodeType": "PragmaDirective",
							"src": "42:31:0"
						}
					],
					"src": "42:33:0"
				},
				"id": 0
			}
		}
	}
}